{
    "总题量": {
        "总题量": 304734,
        "医师考试": 143290,
        "护理考试": 17942,
        "药师考试": 34443,
        "医技考试": 27685,
        "专业知识考试": 65009,
        "医学考研": 16365
    },
    "医师考试": {
        "规培结业": 16155,
        "执业助理医师": 17891,
        "执业医师": 30277,
        "中级职称": 64446,
        "高级职称": 14521
    },
    "护理考试": {
        "护士执业资格": 3517,
        "护师执业资格": 4473,
        "主管护师": 8383,
        "高级护师": 1569
    },
    "药师考试": {
        "执业西药师": 9588,
        "执业中药师": 4830,
        "初级药士": 2573,
        "初级药师": 3710,
        "初级中药士": 3369,
        "初级中药师": 3882,
        "主管药师": 3339,
        "主管中药师": 3152
    },
    "医技考试": {
        "医技士": 4958,
        "医技师": 6091,
        "主管技师": 16636
    },
    "专业知识考试": {
        "基础医学": 25355,
        "临床医学": 20761,
        "预防医学与公共卫生学": 3683,
        "中医学与中药学": 15210
    },
    "医学考研": {
        "护理学": 1712,
        "考研政治": 1446,
        "西医综合": 9467,
        "中医综合": 3740
    }
}