{
    "总题量": {
        "总题量": 269359,
        "医师考试": 122876,
        "护理考试": 15279,
        "药师考试": 30074,
        "医技考试": 25774,
        "专业知识考试": 60631,
        "医学考研": 14725
    },
    "医师考试": {
        "规培结业": 14201,
        "执业助理医师": 15006,
        "执业医师": 25231,
        "中级职称": 55729,
        "高级职称": 12709
    },
    "护理考试": {
        "护士执业资格": 2893,
        "护师执业资格": 3813,
        "主管护师": 7107,
        "高级护师": 1466
    },
    "药师考试": {
        "执业西药师": 7838,
        "执业中药师": 4050,
        "初级药士": 2310,
        "初级药师": 3295,
        "初级中药士": 3092,
        "初级中药师": 3607,
        "主管药师": 2993,
        "主管中药师": 2889
    },
    "医技考试": {
        "医技士": 4627,
        "医技师": 5662,
        "主管技师": 15485
    },
    "专业知识考试": {
        "基础医学": 24299,
        "临床医学": 18753,
        "预防医学与公共卫生学": 3332,
        "中医学与中药学": 14247
    },
    "医学考研": {
        "护理学": 1604,
        "考研政治": 1104,
        "西医综合": 8503,
        "中医综合": 3514
    }
}